[
  {
    "name": "galaxy.geometry",
    "physicalName": "galaxy.geometry",
    "type": "DB_TABLE",
    "namespace": "default",
    "sourceName": "redshift",
    "description": "describes different geometries in the galaxy",
    "fields": [
      {
      "name": "uuid",
      "type": "STRING"
      },
      {
      "name": "name",
      "type": "STRING"
      },
      {
      "name": "mass",
      "type": "INTEGER"
      },
      {
      "name": "dimension",
      "type": "STRING"
      },
      {
      "name": "interstellar",
      "type": "BOOLEAN"
      }
    ]
  },
  {
    "name": "galaxy.dimensions",
    "physicalName": "galaxy.dimensions",
    "type": "DB_TABLE",
    "namespace": "default",
    "sourceName": "redshift",
    "description": "describes all possible dimensions in the galaxy",
    "fields": [
      {
      "name": "uuid",
      "type": "STRING"
      },
      {
      "name": "name",
      "type": "STRING"
      },
      {
      "name": "mass",
      "type": "INTEGER"
      },
      {
      "name": "dimension",
      "type": "STRING"
      },
      {
      "name": "interstellar",
      "type": "BOOLEAN"
      }
    ]
  },
  {
    "name": "galaxy.trips",
    "physicalName": "galaxy.trips",
    "type": "DB_TABLE",
    "sourceName": "snowflake",
    "namespace": "galactic-data",
    "description": "all trips taken through the galaxy",
    "fields": []
  },
  {
    "name": "earth.circumference",
    "physicalName": "earth.circumference",
    "type": "DB_TABLE",
    "sourceName": "snowflake",
    "namespace": "galactic-data",
    "description": "describes the earth's circumference",
    "fields": [
      {
      "name": "uuid",
      "type": "STRING"
      },
      {
      "name": "name",
      "type": "STRING"
      },
      {
      "name": "linear distance",
      "type": "INTEGER"
      },
      {
      "name": "interstellar",
      "type": "BOOLEAN"
      }
    ]
  },
  {
    "name": "earth.radius",
    "physicalName": "earth.radius",
    "type": "DB_TABLE",
    "sourceName": "snowflake",
    "namespace": "galactic-data",
    "description": "describes the earth's radius",
    "fields": [
      {
      "name": "uuid",
      "type": "STRING"
      },
      {
      "name": "name",
      "type": "STRING"
      },
      {
      "name": "linear distance",
      "type": "INTEGER"
      },
      {
      "name": "interstellar",
      "type": "BOOLEAN"
      }
    ]
  },
  {
    "name": "earth.trips",
    "physicalName": "earth.trips",
    "type": "DB_TABLE",
    "namespace": "galactic-data",
    "sourceName": "redshift",
    "description": "describes all possible trips taken on earth",
    "fields": [
      {
      "name": "uuid",
      "type": "STRING"
      },
      {
      "name": "name",
      "type": "STRING"
      },
      {
      "name": "mass",
      "type": "INTEGER"
      },
      {
      "name": "dimension",
      "type": "STRING"
      },
      {
      "name": "interstellar",
      "type": "BOOLEAN"
      }
    ]
  },
  {
    "name": "objects.stars",
    "physicalName": "objects.stars",
    "type": "DB_TABLE",
    "namespace": "galactic-data",
    "sourceName": "redshift",
    "description": "describes all stars in the galaxy",
    "fields": [
      {
      "name": "uuid",
      "type": "STRING"
      },
      {
      "name": "name",
      "type": "STRING"
      },
      {
      "name": "mass",
      "type": "INTEGER"
      },
      {
      "name": "dimension",
      "type": "STRING"
      },
      {
      "name": "interstellar",
      "type": "BOOLEAN"
      }
    ]
  },
  {
    "name": "objects.planets",
    "physicalName": "objects.planets",
    "type": "DB_TABLE",
    "namespace": "galactic-data",
    "sourceName": "redshift",
    "description": "describes all planets in the galaxy",
    "fields": [
      {
      "name": "uuid",
      "type": "STRING"
      },
      {
      "name": "name",
      "type": "STRING"
      },
      {
      "name": "mass",
      "type": "INTEGER"
      },
      {
      "name": "dimension",
      "type": "STRING"
      },
      {
      "name": "interstellar",
      "type": "BOOLEAN"
      }
    ]
  },
  {
    "name": "objects.life",
    "physicalName": "objects.life",
    "type": "DB_TABLE",
    "namespace": "galactic-data",
    "sourceName": "redshift",
    "description": "describes all life",
    "fields": []
  },
  {
    "name": "environment.universe",
    "physicalName": "environment.universe",
    "type": "DB_TABLE",
    "namespace": "galactic-data",
    "sourceName": "redshift",
    "description": "describes the entire universe"
  },
  {
    "name": "galaxy.radiowaves",
    "physicalName": "galaxy.radiowaves",
    "type": "DB_TABLE",
    "namespace": "galactic-data",
    "sourceName": "redshift",
    "description": "describes all radiowaves",
    "fields": [
      {
      "name": "uuid",
      "type": "STRING"
      },
      {
      "name": "name",
      "type": "STRING"
      },
      {
      "name": "mass",
      "type": "INTEGER"
      },
      {
      "name": "dimension",
      "type": "STRING"
      },
      {
      "name": "interstellar",
      "type": "BOOLEAN"
      }
    ]
  },
  {
    "name": "galaxy.satellites",
    "physicalName": "galaxy.satellites",
    "type": "DB_TABLE",
    "namespace": "galactic-data",
    "sourceName": "redshift",
    "description": "describes all satellites",
    "fields": [
      {
      "name": "uuid",
      "type": "STRING"
      },
      {
      "name": "name",
      "type": "STRING"
      },
      {
      "name": "mass",
      "type": "INTEGER"
      },
      {
      "name": "dimension",
      "type": "STRING"
      },
      {
      "name": "interstellar",
      "type": "BOOLEAN"
      }
    ]
  },
  {
    "name": "environment.conversations",
    "physicalName": "environment.conversations",
    "type": "DB_TABLE",
    "namespace": "galactic-data",
    "sourceName": "redshift",
    "description": "describes all conversations in the galaxy",
    "fields": [
      {
      "name": "uuid",
      "type": "STRING"
      },
      {
      "name": "name",
      "type": "STRING"
      },
      {
      "name": "mass",
      "type": "INTEGER"
      },
      {
      "name": "dimension",
      "type": "STRING"
      },
      {
      "name": "interstellar",
      "type": "BOOLEAN"
      }
    ]
  },
  {
    "name": "environment.transcripts",
    "physicalName": "environment.transcripts",
    "type": "DB_TABLE",
    "namespace": "galactic-data",
    "sourceName": "redshift",
    "description": "describes all transcripts in the galaxy",
    "fields": [
      {
      "name": "uuid",
      "type": "STRING"
      },
      {
      "name": "name",
      "type": "STRING"
      },
      {
      "name": "mass",
      "type": "INTEGER"
      },
      {
      "name": "dimension",
      "type": "STRING"
      },
      {
      "name": "interstellar",
      "type": "BOOLEAN"
      }
    ]
  },
  {
    "name": "environment.empty",
    "physicalName": "environment.empty",
    "type": "DB_TABLE",
    "namespace": "galactic-data",
    "sourceName": "redshift",
    "description": "an empty environment never referenced by a job",
    "fields": [
      {
      "name": "uuid",
      "type": "STRING"
      },
      {
      "name": "name",
      "type": "STRING"
      },
      {
      "name": "mass",
      "type": "INTEGER"
      },
      {
      "name": "dimension",
      "type": "STRING"
      },
      {
      "name": "interstellar",
      "type": "BOOLEAN"
      }
    ]
  },
  {
    "name": "rocket.parts",
    "physicalName": "rocket.parts",
    "type": "DB_TABLE",
    "namespace": "galactic-data",
    "sourceName": "redshift",
    "description": "describes parts of rockets",
    "fields": [
      {
      "name": "uuid",
      "type": "STRING"
      },
      {
      "name": "name",
      "type": "STRING"
      },
      {
      "name": "mass",
      "type": "INTEGER"
      },
      {
      "name": "dimension",
      "type": "STRING"
      },
      {
      "name": "interstellar",
      "type": "BOOLEAN"
      }
    ]
  },
  {
    "name": "rocket.types",
    "physicalName": "rocket.types",
    "type": "DB_TABLE",
    "namespace": "galactic-data",
    "sourceName": "redshift",
    "description": "describes types of rockets",
    "fields": [
      {
      "name": "uuid",
      "type": "STRING"
      },
      {
      "name": "name",
      "type": "STRING"
      },
      {
      "name": "mass",
      "type": "INTEGER"
      },
      {
      "name": "dimension",
      "type": "STRING"
      },
      {
      "name": "interstellar",
      "type": "BOOLEAN"
      }
    ]
  },
  {
    "name": "station.parts",
    "physicalName": "station.parts",
    "type": "DB_TABLE",
    "namespace": "galactic-data",
    "sourceName": "redshift",
    "description": "describes space station parts",
    "fields": [
      {
      "name": "uuid",
      "type": "STRING"
      },
      {
      "name": "name",
      "type": "STRING"
      },
      {
      "name": "mass",
      "type": "INTEGER"
      },
      {
      "name": "dimension",
      "type": "STRING"
      },
      {
      "name": "interstellar",
      "type": "BOOLEAN"
      }
    ]
  },
  {
    "name": "station.types",
    "physicalName": "station.types",
    "type": "DB_TABLE",
    "namespace": "galactic-data",
    "sourceName": "redshift",
    "description": "describes space station types",
    "fields": [
      {
      "name": "uuid",
      "type": "STRING"
      },
      {
      "name": "name",
      "type": "STRING"
      },
      {
      "name": "mass",
      "type": "INTEGER"
      },
      {
      "name": "dimension",
      "type": "STRING"
      },
      {
      "name": "interstellar",
      "type": "BOOLEAN"
      }
    ]
  },
  {
    "name": "interstellar.waves",
    "physicalName": "interstellar.waves",
    "type": "DB_TABLE",
    "namespace": "galactic-data",
    "sourceName": "redshift",
    "description": "measures all waves in the galaxy",
    "fields": [
      {
      "name": "uuid",
      "type": "STRING"
      },
      {
      "name": "name",
      "type": "STRING"
      },
      {
      "name": "speed",
      "type": "INTEGER"
      },
      {
      "name": "height",
      "type": "INTEGER"
      },
      {
      "name": "interstellar",
      "type": "BOOLEAN"
      }
    ]
  },
  {
    "name": "interstellar.geomorphology",
    "physicalName": "interstellar.geomorphology",
    "type": "DB_TABLE",
    "namespace": "galactic-data",
    "sourceName": "redshift",
    "description": "measurements of geomorphology of matter in the galaxy",
    "fields": [
      {
      "name": "uuid",
      "type": "STRING"
      },
      {
      "name": "name",
      "type": "STRING"
      },
      {
      "name": "process",
      "type": "STRING"
      },
      {
      "name": "time",
      "type": "INTEGER"
      },
      {
      "name": "interstellar",
      "type": "BOOLEAN"
      }
    ]
  },
  {
    "name": "alien.heads",
    "physicalName": "alien.heads",
    "type": "DB_TABLE",
    "namespace": "galactic-data",
    "sourceName": "redshift",
    "description": "describes alien heads",
    "fields": [
      {
      "name": "uuid",
      "type": "STRING"
      },
      {
      "name": "name",
      "type": "STRING"
      },
      {
      "name": "mass",
      "type": "INTEGER"
      },
      {
      "name": "dimension",
      "type": "STRING"
      },
      {
      "name": "interstellar",
      "type": "BOOLEAN"
      }
    ]
  },
  {
    "name": "alien.hands",
    "physicalName": "alien.hands",
    "type": "DB_TABLE",
    "namespace": "galactic-data",
    "sourceName": "redshift",
    "description": "describes alien hands",
    "fields": [
      {
      "name": "uuid",
      "type": "STRING"
      },
      {
      "name": "name",
      "type": "STRING"
      },
      {
      "name": "amount",
      "type": "INTEGER"
      },
      {
      "name": "mass",
      "type": "INTEGER"
      },
      {
      "name": "interstellar",
      "type": "BOOLEAN"
      }
    ]
  },
  {
    "name": "alien.arms",
    "physicalName": "alien.arms",
    "type": "DB_TABLE",
    "namespace": "galactic-data",
    "sourceName": "redshift",
    "description": "describes alien arms",
    "fields": [
      {
      "name": "uuid",
      "type": "STRING"
      },
      {
      "name": "name",
      "type": "STRING"
      },
      {
      "name": "amount",
      "type": "INTEGER"
      },
      {
      "name": "mass",
      "type": "INTEGER"
      },
      {
      "name": "interstellar",
      "type": "BOOLEAN"
      }
    ]
  },
  {
    "name": "alien.torsos",
    "physicalName": "alien.torsos",
    "type": "DB_TABLE",
    "namespace": "galactic-data",
    "sourceName": "redshift",
    "description": "describes alien torsos",
    "fields": [
      {
      "name": "uuid",
      "type": "STRING"
      },
      {
      "name": "name",
      "type": "STRING"
      },
      {
      "name": "length",
      "type": "INTEGER"
      },
      {
      "name": "dimension",
      "type": "STRING"
      },
      {
      "name": "interstellar",
      "type": "BOOLEAN"
      }
    ]
  },
  {
    "name": "alien.legs",
    "physicalName": "alien.legs",
    "type": "DB_TABLE",
    "namespace": "galactic-data",
    "sourceName": "redshift",
    "description": "describes alien legs",
    "fields": [
      {
      "name": "uuid",
      "type": "STRING"
      },
      {
      "name": "name",
      "type": "STRING"
      },
      {
      "name": "amount",
      "type": "INTEGER"
      },
      {
      "name": "dimension",
      "type": "STRING"
      },
      {
      "name": "interstellar",
      "type": "BOOLEAN"
      }
    ]
  },
  {
    "name": "alien.types",
    "physicalName": "alien.types",
    "type": "DB_TABLE",
    "namespace": "galactic-data",
    "sourceName": "redshift",
    "description": "describes types of aliens",
    "fields": [
      {
      "name": "uuid",
      "type": "STRING"
      },
      {
      "name": "name",
      "type": "STRING"
      },
      {
      "name": "mass",
      "type": "INTEGER"
      },
      {
      "name": "dimension",
      "type": "STRING"
      },
      {
      "name": "interstellar",
      "type": "BOOLEAN"
      }
    ]
  },
  {
    "name": "alien.locations",
    "physicalName": "alien.locations",
    "type": "DB_TABLE",
    "namespace": "galactic-data",
    "sourceName": "redshift",
    "description": "describes locations of aliens",
    "fields": [
      {
      "name": "uuid",
      "type": "STRING"
      },
      {
      "name": "planet",
      "type": "STRING"
      },
      {
      "name": "galaxy",
      "type": "INTEGER"
      },
      {
      "name": "dimension",
      "type": "STRING"
      },
      {
      "name": "interstellar",
      "type": "BOOLEAN"
      }
    ]
  },
  {
    "name": "interstellar.points",
    "physicalName": "interstellar.points",
    "type": "DB_TABLE",
    "namespace": "interstellar-data",
    "sourceName": "redshift",
    "description": "all points in the galaxy",
    "fields": [
      {
      "name": "uuid",
      "type": "STRING"
      },
      {
      "name": "name",
      "type": "STRING"
      },
      {
      "name": "x",
      "type": "INTEGER"
      },
      {
      "name": "y",
      "type": "INTEGER"
      },
      {
      "name": "z",
      "type": "INTEGER"
      }
    ]
  },
  {
    "name": "interstellar.surfaces",
    "physicalName": "interstellar.surfaces",
    "type": "DB_TABLE",
    "namespace": "interstellar-data",
    "sourceName": "redshift",
    "description": "all surfaces in the galaxy",
    "fields": [
      {
      "name": "uuid",
      "type": "STRING"
      },
      {
      "name": "name",
      "type": "STRING"
      },
      {
      "name": "x",
      "type": "INTEGER"
      },
      {
      "name": "y",
      "type": "INTEGER"
      },
      {
      "name": "z",
      "type": "INTEGER"
      }
    ]
  },
  {
    "name": "interstellar.curves",
    "physicalName": "interstellar.curves",
    "type": "DB_TABLE",
    "namespace": "interstellar-data",
    "sourceName": "redshift",
    "description": "all curves in the galaxy",
    "fields": [
      {
      "name": "uuid",
      "type": "STRING"
      },
      {
      "name": "name",
      "type": "STRING"
      },
      {
      "name": "x",
      "type": "INTEGER"
      },
      {
      "name": "y",
      "type": "INTEGER"
      },
      {
      "name": "z",
      "type": "INTEGER"
      }
    ]
  },
  {
    "name": "interstellar.seismology",
    "physicalName": "interstellar.seismology",
    "type": "DB_TABLE",
    "namespace": "interstellar-data",
    "sourceName": "redshift",
    "description": "galactic seismology readings",
    "fields": [
      {
      "name": "uuid",
      "type": "STRING"
      },
      {
      "name": "name",
      "type": "STRING"
      },
      {
      "name": "wave type",
      "type": "STRING"
      },
      {
      "name": "wave scale",
      "type": "INTEGER"
      }
    ]
  },
  {
    "name": "interstellar.geophysical_fluid_dynamics",
    "physicalName": "interstellar.geophysical_fluid_dynamics",
    "type": "DB_TABLE",
    "namespace": "interstellar-data",
    "sourceName": "redshift",
    "description": "galactic geophysical fluid dynamics measurements",
    "fields": [
      {
      "name": "uuid",
      "type": "STRING"
      },
      {
      "name": "name",
      "type": "STRING"
      },
      {
      "name": "viscosity",
      "type": "STRING"
      },
      {
      "name": "buoyancy",
      "type": "INTEGER"
      }
    ]
  },
  {
    "name": "interstellar.mineral_physics",
    "physicalName": "interstellar.mineral_physics",
    "type": "DB_TABLE",
    "namespace": "interstellar-data",
    "sourceName": "redshift",
    "description": "galactic mineral physics measurements",
    "fields": [
      {
      "name": "uuid",
      "type": "STRING"
      },
      {
      "name": "name",
      "type": "STRING"
      },
      {
      "name": "viscosity",
      "type": "STRING"
      },
      {
      "name": "electrical conduction",
      "type": "INTEGER"
      },
      {
      "name": "seismic velocity",
      "type": "INTEGER"
      }
    ]
  },
  {
    "name": "interstellar.geodynamics",
    "physicalName": "interstellar.geodynamics",
    "type": "DB_TABLE",
    "namespace": "interstellar-data",
    "sourceName": "redshift",
    "description": "galactic geodynamics readings",
    "fields": [
      {
      "name": "uuid",
      "type": "STRING"
      },
      {
      "name": "name",
      "type": "STRING"
      },
      {
      "name": "viscosity",
      "type": "STRING"
      },
      {
      "name": "electrical conduction",
      "type": "INTEGER"
      },
      {
      "name": "seismic velocity",
      "type": "INTEGER"
      }
    ]
  },
  {
    "name": "interstellar.angles",
    "physicalName": "interstellar.angles",
    "type": "DB_TABLE",
    "namespace": "interstellar-data",
    "sourceName": "redshift",
    "description": "all angles in the galaxy",
    "fields": [
      {
      "name": "uuid",
      "type": "STRING"
      },
      {
      "name": "name",
      "type": "STRING"
      },
      {
      "name": "x",
      "type": "INTEGER"
      },
      {
      "name": "y",
      "type": "INTEGER"
      },
      {
      "name": "z",
      "type": "INTEGER"
      }
    ]
  },
  {
    "name": "interstellar.planes",
    "physicalName": "interstellar.planes",
    "type": "DB_TABLE",
    "namespace": "interstellar-data",
    "sourceName": "redshift",
    "description": "all planes in the galaxy",
    "fields": [
      {
      "name": "uuid",
      "type": "STRING"
      },
      {
      "name": "name",
      "type": "STRING"
      },
      {
      "name": "length",
      "type": "INTEGER"
      },
      {
      "name": "width",
      "type": "INTEGER"
      },
      {
      "name": "x",
      "type": "INTEGER"
      },
      {
      "name": "y",
      "type": "INTEGER"
      }
    ]
  },
  {
    "name": "interstellar.geometry",
    "physicalName": "interstellar.geometry",
    "type": "DB_TABLE",
    "namespace": "interstellar-data",
    "sourceName": "redshift",
    "description": "describes different geometries in the galaxy",
    "fields": [
      {
      "name": "uuid",
      "type": "STRING"
      },
      {
      "name": "name",
      "type": "STRING"
      },
      {
      "name": "mass",
      "type": "INTEGER"
      },
      {
      "name": "dimension",
      "type": "STRING"
      },
      {
      "name": "interstellar",
      "type": "BOOLEAN"
      }
    ]
  },
  {
    "name": "interstellar.dimensions",
    "physicalName": "interstellar.dimensions",
    "type": "DB_TABLE",
    "namespace": "interstellar-data",
    "sourceName": "redshift",
    "description": "describes all possible dimensions in the galaxy",
    "fields": [
      {
      "name": "uuid",
      "type": "STRING"
      },
      {
      "name": "name",
      "type": "STRING"
      },
      {
      "name": "mass",
      "type": "INTEGER"
      },
      {
      "name": "dimension",
      "type": "STRING"
      },
      {
      "name": "interstellar",
      "type": "BOOLEAN"
      }
    ]
  },
  {
    "name": "interstellar.trips",
    "physicalName": "interstellar.trips",
    "type": "DB_TABLE",
    "namespace": "interstellar-data",
    "sourceName": "redshift",
    "description": "all trips taken through the galaxy",
    "fields": [
      {
      "name": "uuid",
      "type": "STRING"
      },
      {
      "name": "name",
      "type": "STRING"
      },
      {
      "name": "mass",
      "type": "INTEGER"
      },
      {
      "name": "dimension",
      "type": "STRING"
      },
      {
      "name": "interstellar",
      "type": "BOOLEAN"
      }
    ]
  },
  {
    "name": "cosmic.dimensions",
    "physicalName": "cosmic.dimensions",
    "type": "DB_TABLE",
    "namespace": "interstellar-data",
    "sourceName": "redshift",
    "description": "describes all possible dimensions on earth",
    "fields": [
      {
      "name": "uuid",
      "type": "STRING"
      },
      {
      "name": "name",
      "type": "STRING"
      },
      {
      "name": "mass",
      "type": "INTEGER"
      },
      {
      "name": "dimension",
      "type": "STRING"
      },
      {
      "name": "interstellar",
      "type": "BOOLEAN"
      }
    ]
  },
  {
    "name": "cosmic.trips",
    "physicalName": "cosmic.trips",
    "type": "DB_TABLE",
    "namespace": "interstellar-data",
    "sourceName": "redshift",
    "description": "describes all possible trips taken in the cosmics",
    "fields": [
      {
      "name": "uuid",
      "type": "STRING"
      },
      {
      "name": "name",
      "type": "STRING"
      },
      {
      "name": "mass",
      "type": "INTEGER"
      },
      {
      "name": "dimension",
      "type": "STRING"
      },
      {
      "name": "interstellar",
      "type": "BOOLEAN"
      }
    ]
  },
  {
    "name": "cosmic.stars",
    "physicalName": "cosmic.stars",
    "type": "DB_TABLE",
    "namespace": "interstellar-data",
    "sourceName": "redshift",
    "description": "describes all stars in the galaxy",
    "fields": [
      {
      "name": "uuid",
      "type": "STRING"
      },
      {
      "name": "name",
      "type": "STRING"
      },
      {
      "name": "mass",
      "type": "INTEGER"
      },
      {
      "name": "dimension",
      "type": "STRING"
      },
      {
      "name": "interstellar",
      "type": "BOOLEAN"
      }
    ]
  },
  {
    "name": "cosmic.planets",
    "physicalName": "cosmic.planets",
    "type": "DB_TABLE",
    "namespace": "interstellar-data",
    "sourceName": "redshift",
    "description": "describes all planets in the cosmics",
    "fields": [
      {
      "name": "uuid",
      "type": "STRING"
      },
      {
      "name": "name",
      "type": "STRING"
      },
      {
      "name": "mass",
      "type": "INTEGER"
      },
      {
      "name": "dimension",
      "type": "STRING"
      },
      {
      "name": "interstellar",
      "type": "BOOLEAN"
      }
    ]
  },
  {
    "name": "cosmic.life",
    "physicalName": "cosmic.life",
    "type": "DB_TABLE",
    "namespace": "interstellar-data",
    "sourceName": "redshift",
    "description": "describes all life",
    "fields": [
      {
      "name": "uuid",
      "type": "STRING"
      },
      {
      "name": "name",
      "type": "STRING"
      },
      {
      "name": "mass",
      "type": "INTEGER"
      },
      {
      "name": "dimension",
      "type": "STRING"
      },
      {
      "name": "interstellar",
      "type": "BOOLEAN"
      }
    ]
  },
  {
    "name": "cosmic.universe",
    "physicalName": "cosmic.universe",
    "type": "DB_TABLE",
    "namespace": "interstellar-data",
    "sourceName": "redshift",
    "description": "describes the entire universe",
    "fields": [
      {
      "name": "uuid",
      "type": "STRING"
      },
      {
      "name": "name",
      "type": "STRING"
      },
      {
      "name": "mass",
      "type": "INTEGER"
      },
      {
      "name": "dimension",
      "type": "STRING"
      },
      {
      "name": "interstellar",
      "type": "BOOLEAN"
      }
    ]
  },
  {
    "name": "cosmic.radiowaves",
    "physicalName": "cosmic.radiowaves",
    "type": "DB_TABLE",
    "namespace": "interstellar-data",
    "sourceName": "redshift",
    "description": "describes all radiowaves",
    "fields": [
      {
      "name": "uuid",
      "type": "STRING"
      },
      {
      "name": "name",
      "type": "STRING"
      },
      {
      "name": "mass",
      "type": "INTEGER"
      },
      {
      "name": "dimension",
      "type": "STRING"
      },
      {
      "name": "interstellar",
      "type": "BOOLEAN"
      }
    ]
  },
  {
    "name": "cosmic.satellites",
    "physicalName": "cosmic.satellites",
    "type": "DB_TABLE",
    "namespace": "interstellar-data",
    "sourceName": "redshift",
    "description": "describes all satellites",
    "fields": [
      {
      "name": "uuid",
      "type": "STRING"
      },
      {
      "name": "name",
      "type": "STRING"
      },
      {
      "name": "mass",
      "type": "INTEGER"
      },
      {
      "name": "dimension",
      "type": "STRING"
      },
      {
      "name": "interstellar",
      "type": "BOOLEAN"
      }
    ]
  },
  {
    "name": "interstellar.conversations",
    "physicalName": "interstellar.conversations",
    "type": "DB_TABLE",
    "namespace": "interstellar-data",
    "sourceName": "redshift",
    "description": "describes all conversations in interstellar space",
    "fields": [
      {
      "name": "uuid",
      "type": "STRING"
      },
      {
      "name": "name",
      "type": "STRING"
      },
      {
      "name": "mass",
      "type": "INTEGER"
      },
      {
      "name": "dimension",
      "type": "STRING"
      },
      {
      "name": "interstellar",
      "type": "BOOLEAN"
      }
    ]
  },
  {
    "name": "interstellar.transcripts",
    "physicalName": "interstellar.transcripts",
    "type": "DB_TABLE",
    "namespace": "interstellar-data",
    "sourceName": "redshift",
    "description": "describes all transcripts in interstellar space",
    "fields": [
      {
      "name": "uuid",
      "type": "STRING"
      },
      {
      "name": "name",
      "type": "STRING"
      },
      {
      "name": "mass",
      "type": "INTEGER"
      },
      {
      "name": "dimension",
      "type": "STRING"
      },
      {
      "name": "interstellar",
      "type": "BOOLEAN"
      }
    ]
  },
  {
    "name": "cosmic.empty",
    "physicalName": "cosmic.empty",
    "type": "DB_TABLE",
    "namespace": "interstellar-data",
    "sourceName": "redshift",
    "description": "an empty cosmic dataset not referenced by any job",
    "fields": [
      {
      "name": "uuid",
      "type": "STRING"
      },
      {
      "name": "name",
      "type": "STRING"
      },
      {
      "name": "mass",
      "type": "INTEGER"
      },
      {
      "name": "dimension",
      "type": "STRING"
      },
      {
      "name": "interstellar",
      "type": "BOOLEAN"
      }
    ]
  },
  {
    "name": "comet.parts",
    "physicalName": "comet.parts",
    "type": "DB_TABLE",
    "namespace": "interstellar-data",
    "sourceName": "redshift",
    "description": "describes parts that make up comets",
    "fields": [
      {
      "name": "uuid",
      "type": "STRING"
      },
      {
      "name": "name",
      "type": "STRING"
      },
      {
      "name": "mass",
      "type": "INTEGER"
      },
      {
      "name": "dimension",
      "type": "STRING"
      },
      {
      "name": "interstellar",
      "type": "BOOLEAN"
      }
    ]
  },
  {
    "name": "comet.types",
    "physicalName": "comet.types",
    "type": "DB_TABLE",
    "namespace": "interstellar-data",
    "sourceName": "redshift",
    "description": "describes all types of comets",
    "fields": [
      {
      "name": "uuid",
      "type": "STRING"
      },
      {
      "name": "name",
      "type": "STRING"
      },
      {
      "name": "mass",
      "type": "INTEGER"
      },
      {
      "name": "dimension",
      "type": "STRING"
      },
      {
      "name": "interstellar",
      "type": "BOOLEAN"
      }
    ]
  },
  {
    "name": "black_hole.parts",
    "physicalName": "black_hole.parts",
    "type": "DB_TABLE",
    "namespace": "interstellar-data",
    "sourceName": "redshift",
    "description": "describes parts that make up black holes",
    "fields": [
      {
      "name": "uuid",
      "type": "STRING"
      },
      {
      "name": "name",
      "type": "STRING"
      },
      {
      "name": "mass",
      "type": "INTEGER"
      },
      {
      "name": "dimension",
      "type": "STRING"
      },
      {
      "name": "interstellar",
      "type": "BOOLEAN"
      }
    ]
  },
  {
    "name": "black_hole.types",
    "physicalName": "black_hole.types",
    "type": "DB_TABLE",
    "namespace": "interstellar-data",
    "sourceName": "redshift",
    "description": "describes all types of black holes",
    "fields": [
      {
      "name": "uuid",
      "type": "STRING"
      },
      {
      "name": "name",
      "type": "STRING"
      },
      {
      "name": "mass",
      "type": "INTEGER"
      },
      {
      "name": "dimension",
      "type": "STRING"
      },
      {
      "name": "interstellar",
      "type": "BOOLEAN"
      }
    ]
  },
  {
    "name": "worm_hole.parts",
    "physicalName": "worm_hole.parts",
    "type": "DB_TABLE",
    "namespace": "interstellar-data",
    "sourceName": "redshift",
    "description": "describes parts that make up worm holes",
    "fields": [
      {
      "name": "uuid",
      "type": "STRING"
      },
      {
      "name": "name",
      "type": "STRING"
      },
      {
      "name": "mass",
      "type": "INTEGER"
      },
      {
      "name": "dimension",
      "type": "STRING"
      },
      {
      "name": "interstellar",
      "type": "BOOLEAN"
      }
    ]
  },
  {
    "name": "worm_hole.types",
    "physicalName": "worm_hole.types",
    "type": "DB_TABLE",
    "namespace": "interstellar-data",
    "sourceName": "redshift",
    "description": "describes all types of worm holes",
    "fields": [
      {
      "name": "uuid",
      "type": "STRING"
      },
      {
      "name": "name",
      "type": "STRING"
      },
      {
      "name": "mass",
      "type": "INTEGER"
      },
      {
      "name": "dimension",
      "type": "STRING"
      },
      {
      "name": "interstellar",
      "type": "BOOLEAN"
      }
    ]
  }
]
