[
  {
    "name": "calculate.galaxy_dimensions",
    "namespace": "default",
    "inputs": ["galaxy.geometry"],
    "outputs": ["galaxy.dimensions"],
    "location": "https://github.com/Galaxy/blob/ecfc04de65137bfd25a0416d227eaba5325c8c63/calculate.galaxy_dimensions.sql",
    "description": "calculates all possible dimensions from input geometry",
    "type": "BATCH",
    "context": {
      "SQL": "\n-- THIS IS SAMPLE SQL\n\n    SELECT 0 AS num UNION ALL\n    SELECT 1 UNION ALL\n    SELECT 2 UNION ALL\n    SELECT 3 UNION ALL\n    SELECT 4 UNION ALL\n    SELECT 5 UNION ALL\n    SELECT 6 UNION ALL\n    SELECT 7 UNION ALL\n    SELECT 8 UNION ALL\n    SELECT 9\n)\n\n, numbers_100 AS\n(\n   FROM the_whole_flippin_universe"
    }
  },
  {
    "name": "calculate.galaxy_trips",
    "namespace": "default",
    "inputs": ["galaxy.dimensions"],
    "outputs": ["galaxy.trips"],
    "location": "https://github.com/Galaxy/blob/ecfc04de65137bfd25a0416d227eaba5325c8c63/calculate.galaxy_trips.sql",
    "description": "calculates trips taken in the galaxy",
    "type": "BATCH"
  },
  {
    "name": "calculate.earth_dimensions",
    "namespace": "galactic-data",
    "inputs": ["earth.dimensions"],
    "outputs": ["earth.trips"],
    "location": "https://github.com/Galaxy/blob/ecfc04de65137bfd25a0416d227eaba5325c8c63/calculate.galaxy_trips.sql",
    "description": "calculates the dimensions of earth",
    "type": "BATCH",
    "context": {
      "SQL": "\n-- THIS IS SAMPLE SQL\n\n    SELECT 0 AS num UNION ALL\n    SELECT 1 UNION ALL\n    SELECT 2 UNION ALL\n    SELECT 3 UNION ALL\n    SELECT 4 UNION ALL\n    SELECT 5 UNION ALL\n    SELECT 6 UNION ALL\n    SELECT 7 UNION ALL\n    SELECT 8 UNION ALL\n    SELECT 9\n)\n\n, numbers_100 AS\n(\n   FROM the_whole_flippin_universe"
    }
  },
  {
    "name": "calculate.universe",
    "namespace": "galactic-data",
    "inputs": ["objects.stars", "objects.planets", "objects.life"],
    "outputs": ["environment.universe"],
    "location": "https://github.com/Galaxy/blob/ecfc04de65137bfd25a0416d227eaba5325c8c63/calculate.galaxy_trips.sql",
    "description": "calculates the entire universe",
    "type": "BATCH"
  },
  {
    "name": "calculate.communications",
    "namespace": "galactic-data",
    "inputs": ["galaxy.radiowaves", "galaxy.satellites"],
    "outputs": ["environment.conversations", "environment.transcripts"],
    "location": "https://github.com/Galaxy/blob/ecfc04de65137bfd25a0416d227eaba5325c8c63/calculate.galaxy_trips.sql",
    "description": "calculates all communications in the galaxy",
    "type": "BATCH"
  },
  {
    "name": "calculate.nothing",
    "namespace": "galactic-data",
    "inputs": [],
    "outputs": [],
    "location": "https://github.com/Galaxy/blob/ecfc04de65137bfd25a0416d227eaba5325c8c63/calculate.galaxy_trips.sql",
    "description": "calculates literally nothing!",
    "type": "BATCH"
  },
  {
    "name": "build.rocket",
    "namespace": "galactic-data",
    "inputs": ["rocket.parts"],
    "outputs": ["rocket.types"],
    "location": "https://github.com/Galaxy/blob/ecfc04de65137bfd25a0416d227eaba5325c8c63/calculate.galaxy_trips.sql",
    "description": "calculates literally nothing!",
    "type": "BATCH",
    "context": {
      "SQL": "\n-- THIS IS SAMPLE SQL\n\n    SELECT 0 AS num UNION ALL\n    SELECT 1 UNION ALL\n    SELECT 2 UNION ALL\n    SELECT 3 UNION ALL\n    SELECT 4 UNION ALL\n    SELECT 5 UNION ALL\n    SELECT 6 UNION ALL\n    SELECT 7 UNION ALL\n    SELECT 8 UNION ALL\n    SELECT 9\n)\n\n, numbers_100 AS\n(\n   FROM the_whole_flippin_universe"
    }
  },
  {
    "name": "build.space_station",
    "namespace": "galactic-data",
    "inputs": ["station.parts"],
    "outputs": ["station.types"],
    "location": "https://github.com/Galaxy/blob/ecfc04de65137bfd25a0416d227eaba5325c8c63/calculate.galaxy_trips.sql",
    "description": "calculates literally nothing!",
    "type": "BATCH"
  },
  {
    "name": "build.aliens",
    "namespace": "galactic-data",
    "inputs": ["alien.heads","alien.legs","alien.torsos","alien.hands","alien.arms"],
    "outputs": ["alien.types","alien.locations"],
    "location": "https://github.com/Galaxy/blob/ecfc04de65137bfd25a0416d227eaba5325c8c63/calculate.galaxy_trips.sql",
    "description": "calculates literally nothing!",
    "type": "BATCH"
  },
  {
    "name": "calculate.interstellar_geometry",
    "namespace": "interstellar-data",
    "inputs": ["interstellar.planes", "interstellar.points", "interstellar.angles", "interstellar.curves", "interstellar.surfaces"],
    "outputs": ["interstellar.geometry"],
    "location": "https://github.com/Galaxy/blob/ecfc04de65137bfd25a0416d227eaba5325c8c63/calculate.galaxy_dimensions.sql",
    "description": "calculates all possible dimensions from interstellar dimensions",
    "type": "BATCH",
    "context": {
      "SQL": "\n-- THIS IS SAMPLE SQL\n\n    SELECT 0 AS num UNION ALL\n    SELECT 1 UNION ALL\n    SELECT 2 UNION ALL\n    SELECT 3 UNION ALL\n    SELECT 4 UNION ALL\n    SELECT 5 UNION ALL\n    SELECT 6 UNION ALL\n    SELECT 7 UNION ALL\n    SELECT 8 UNION ALL\n    SELECT 9\n)\n\n, numbers_100 AS\n(\n   FROM the_whole_flippin_universe"
    }
  },
  {
    "name": "calculate.interstellar_physics",
    "namespace": "interstellar-data",
    "inputs": ["interstellar.planes", "interstellar.points", "interstellar.angles", "interstellar.curves", "interstellar.surfaces"],
    "outputs": ["interstellar.seismology", "interstellar.geophysical_fluid_dynamics", "interstellar.mineral_physics","interstellar.geodynamics"],
    "location": "https://github.com/Galaxy/blob/ecfc04de65137bfd25a0416d227eaba5325c8c63/calculate.galaxy_dimensions.sql",
    "description": "make calculations for seismology and tectonophysics, geophysical fluid dynamics, mineral physics and so on from interstellar dimensions",
    "type": "BATCH",
    "context": {
      "SQL": "\n-- THIS IS SAMPLE SQL\n\n    SELECT 0 AS num UNION ALL\n    SELECT 1 UNION ALL\n    SELECT 2 UNION ALL\n    SELECT 3 UNION ALL\n    SELECT 4 UNION ALL\n    SELECT 5 UNION ALL\n    SELECT 6 UNION ALL\n    SELECT 7 UNION ALL\n    SELECT 8 UNION ALL\n    SELECT 9\n)\n\n, numbers_100 AS\n(\n   FROM the_whole_flippin_universe"
    }
  },
  {
    "name": "calculate.interstellar_waves",
    "namespace": "interstellar-data",
    "inputs": ["interstellar.geophysical_fluid_dynamics"],
    "outputs": ["interstellar.waves"],
    "location": "https://github.com/Galaxy/blob/ecfc04de65137bfd25a0416d227eaba5325c8c63/calculate.galaxy_dimensions.sql",
    "description": "make calculations for seismology and tectonophysics, geophysical fluid dynamics, mineral physics and so on from interstellar dimensions",
    "type": "BATCH",
    "context": {
      "SQL": "\n-- THIS IS SAMPLE SQL\n\n    SELECT 0 AS num UNION ALL\n    SELECT 1 UNION ALL\n    SELECT 2 UNION ALL\n    SELECT 3 UNION ALL\n    SELECT 4 UNION ALL\n    SELECT 5 UNION ALL\n    SELECT 6 UNION ALL\n    SELECT 7 UNION ALL\n    SELECT 8 UNION ALL\n    SELECT 9\n)\n\n, numbers_100 AS\n(\n   FROM the_whole_flippin_universe"
    }
  },
  {
    "name": "calculate.interstellar.geomorphology",
    "namespace": "interstellar-data",
    "inputs": ["interstellar.planes", "interstellar.points", "interstellar.angles", "interstellar.curves", "interstellar.surfaces"],
    "outputs": ["interstellar.geomorphology"],
    "location": "https://github.com/Galaxy/blob/ecfc04de65137bfd25a0416d227eaba5325c8c63/calculate.galaxy_dimensions.sql",
    "description": "make calculations for geomorphology from interstellar dimensions",
    "type": "BATCH",
    "context": {
      "SQL": "\n-- THIS IS SAMPLE SQL\n\n    SELECT 0 AS num UNION ALL\n    SELECT 1 UNION ALL\n    SELECT 2 UNION ALL\n    SELECT 3 UNION ALL\n    SELECT 4 UNION ALL\n    SELECT 5 UNION ALL\n    SELECT 6 UNION ALL\n    SELECT 7 UNION ALL\n    SELECT 8 UNION ALL\n    SELECT 9\n)\n\n, numbers_100 AS\n(\n   FROM the_whole_flippin_universe"
    }
  },
  {
    "name": "calculate.interstellar_dimensions",
    "namespace": "interstellar-data",
    "inputs": ["interstellar.geometry"],
    "outputs": ["interstellar.dimensions"],
    "location": "https://github.com/Galaxy/blob/ecfc04de65137bfd25a0416d227eaba5325c8c63/calculate.galaxy_dimensions.sql",
    "description": "calculates all possible dimensions from interstellar dimensions",
    "type": "BATCH",
    "context": {
      "SQL": "\n-- THIS IS SAMPLE SQL\n\n    SELECT 0 AS num UNION ALL\n    SELECT 1 UNION ALL\n    SELECT 2 UNION ALL\n    SELECT 3 UNION ALL\n    SELECT 4 UNION ALL\n    SELECT 5 UNION ALL\n    SELECT 6 UNION ALL\n    SELECT 7 UNION ALL\n    SELECT 8 UNION ALL\n    SELECT 9\n)\n\n, numbers_100 AS\n(\n   FROM the_whole_flippin_universe"
    }
  },
  {
    "name": "calculate.interstellar_trips",
    "namespace": "interstellar-data",
    "inputs": ["interstellar.dimensions"],
    "outputs": ["interstellar.trips"],
    "location": "https://github.com/Galaxy/blob/ecfc04de65137bfd25a0416d227eaba5325c8c63/calculate.galaxy_trips.sql",
    "description": "calculates trips taken in the interstellar world",
    "type": "BATCH"
  },
  {
    "name": "calculate.cosmic_dimensions",
    "namespace": "interstellar-data",
    "inputs": ["interstellar.trips"],
    "outputs": ["cosmic.dimensions"],
    "location": "https://github.com/Galaxy/blob/ecfc04de65137bfd25a0416d227eaba5325c8c63/calculate.galaxy_trips.sql",
    "description": "calculates the dimensions of the cosmics",
    "type": "BATCH",
    "context": {
      "SQL": "\n-- THIS IS SAMPLE SQL\n\n    SELECT 0 AS num UNION ALL\n    SELECT 1 UNION ALL\n    SELECT 2 UNION ALL\n    SELECT 3 UNION ALL\n    SELECT 4 UNION ALL\n    SELECT 5 UNION ALL\n    SELECT 6 UNION ALL\n    SELECT 7 UNION ALL\n    SELECT 8 UNION ALL\n    SELECT 9\n)\n\n, numbers_100 AS\n(\n   FROM the_whole_flippin_universe"
    }
  },
  {
    "name": "calculate.cosmic_universe",
    "namespace": "interstellar-data",
    "inputs": ["cosmic.stars", "cosmic.planets", "cosmic.life"],
    "outputs": ["cosmic.universe"],
    "location": "https://github.com/Galaxy/blob/ecfc04de65137bfd25a0416d227eaba5325c8c63/calculate.galaxy_trips.sql",
    "description": "calculates the entire cosmic universe",
    "type": "BATCH"
  },
  {
    "name": "calculate.cosmic_communications",
    "namespace": "interstellar-data",
    "inputs": ["cosmic.radiowaves", "cosmic.satellites"],
    "outputs": ["interstellar.conversations", "interstellar.transcripts"],
    "location": "https://github.com/Galaxy/blob/ecfc04de65137bfd25a0416d227eaba5325c8c63/calculate.galaxy_trips.sql",
    "description": "calculates all communications in the cosmics",
    "type": "BATCH"
  },
  {
    "name": "cosmic.nothing",
    "namespace": "interstellar-data",
    "inputs": [],
    "outputs": [],
    "location": "https://github.com/Galaxy/blob/ecfc04de65137bfd25a0416d227eaba5325c8c63/calculate.galaxy_trips.sql",
    "description": "calculates literally nothing!",
    "type": "BATCH",
    "context": {
      "SQL": "\n-- THIS IS SAMPLE SQL\n\n    SELECT 0 AS num UNION ALL\n    SELECT 1 UNION ALL\n    SELECT 2 UNION ALL\n    SELECT 3 UNION ALL\n    SELECT 4 UNION ALL\n    SELECT 5 UNION ALL\n    SELECT 6 UNION ALL\n    SELECT 7 UNION ALL\n    SELECT 8 UNION ALL\n    SELECT 9\n)\n\n, numbers_100 AS\n(\n   FROM the_whole_flippin_universe"
    }
  },
  {
    "name": "build.comets",
    "namespace": "interstellar-data",
    "inputs": ["comet.parts"],
    "outputs": ["comet.types"],
    "location": "https://github.com/Galaxy/blob/ecfc04de65137bfd25a0416d227eaba5325c8c63/calculate.galaxy_trips.sql",
    "description": "calculates literally nothing!",
    "type": "BATCH"
  },
  {
    "name": "build.black_holes",
    "namespace": "interstellar-data",
    "inputs": ["black_hole.parts"],
    "outputs": ["black_hole.types"],
    "location": "https://github.com/Galaxy/blob/ecfc04de65137bfd25a0416d227eaba5325c8c63/calculate.galaxy_trips.sql",
    "description": "calculates literally nothing!",
    "type": "BATCH"
  },
  {
    "name": "build.worm_holes",
    "namespace": "interstellar-data",
    "inputs": ["worm_hole.parts"],
    "outputs": ["worm_hole.types"],
    "location": "https://github.com/Galaxy/blob/ecfc04de65137bfd25a0416d227eaba5325c8c63/calculate.galaxy_trips.sql",
    "description": "calculates literally nothing!",
    "type": "BATCH",
    "context": {
      "SQL": "\n-- THIS IS SAMPLE SQL\n\n    SELECT 0 AS num UNION ALL\n    SELECT 1 UNION ALL\n    SELECT 2 UNION ALL\n    SELECT 3 UNION ALL\n    SELECT 4 UNION ALL\n    SELECT 5 UNION ALL\n    SELECT 6 UNION ALL\n    SELECT 7 UNION ALL\n    SELECT 8 UNION ALL\n    SELECT 9\n)\n\n, numbers_100 AS\n(\n   FROM the_whole_flippin_universe"
    }
  }
]
