[
    {
        "auditHeader": null,
        "proposedSnapshot": {
            "com.linkedin.pegasus2avro.metadata.snapshot.CorpUserSnapshot": {
                "urn": "urn:li:corpuser:datahub",
                "aspects": [
                    {
                        "com.linkedin.pegasus2avro.identity.CorpUserInfo": {
                            "active": true,
                            "displayName": {
                                "string": "Data Hub"
                            },
                            "email": "datahub@linkedin.com",
                            "title": {
                                "string": "CEO"
                            },
                            "managerUrn": null,
                            "departmentId": null,
                            "departmentName": null,
                            "firstName": null,
                            "lastName": null,
                            "fullName": {
                                "string": "Data Hub"
                            },
                            "countryCode": null
                        }
                    }
                ]
            }
        },
        "proposedDelta": null
    },
    {
        "auditHeader": null,
        "proposedSnapshot": {
            "com.linkedin.pegasus2avro.metadata.snapshot.CorpUserSnapshot": {
                "urn": "urn:li:corpuser:jdoe",
                "aspects": [
                    {
                        "com.linkedin.pegasus2avro.identity.CorpUserInfo": {
                            "active": true,
                            "displayName": {
                                "string": "John Doe"
                            },
                            "email": "jdoe@linkedin.com",
                            "title": {
                                "string": "Software Engineer"
                            },
                            "managerUrn": null,
                            "departmentId": null,
                            "departmentName": null,
                            "firstName": null,
                            "lastName": null,
                            "fullName": {
                                "string": "John Doe"
                            },
                            "countryCode": null
                        }
                    }
                ]
            }
        },
        "proposedDelta": null
    },
    {
        "auditHeader": null,
        "proposedSnapshot": {
            "com.linkedin.pegasus2avro.metadata.snapshot.DatasetSnapshot": {
                "urn": "urn:li:dataset:(urn:li:dataPlatform:kafka,SampleKafkaDataset,PROD)",
                "aspects": [
                    {
                        "com.linkedin.pegasus2avro.dataset.DatasetProperties": {
                            "description": null,
                            "uri": null,
                            "tags": [
                                "myfaketags"
                            ],
                            "customProperties": {
                                "prop1": "fakeprop",
                                "prop2": "pikachu"
                            }
                        }
                    },
                    {
                        "com.linkedin.pegasus2avro.common.Ownership": {
                            "owners": [
                                {
                                    "owner": "urn:li:corpuser:jdoe",
                                    "type": "DATAOWNER",
                                    "source": null
                                },
                                {
                                    "owner": "urn:li:corpuser:datahub",
                                    "type": "DATAOWNER",
                                    "source": null
                                }
                            ],
                            "lastModified": {
                                "time": 1581407189000,
                                "actor": "urn:li:corpuser:jdoe",
                                "impersonator": null
                            }
                        }
                    },
                    {
                        "com.linkedin.pegasus2avro.common.InstitutionalMemory": {
                            "elements": [
                                {
                                    "url": "https://www.linkedin.com",
                                    "description": "Sample doc",
                                    "createStamp": {
                                        "time": 1581407189000,
                                        "actor": "urn:li:corpuser:jdoe",
                                        "impersonator": null
                                    }
                                }
                            ]
                        }
                    },
                    {
                        "com.linkedin.pegasus2avro.schema.EditableSchemaMetadata": {
                            "created": {
                                "time": 1581407189000,
                                "actor": "urn:li:corpuser:jdoe",
                                "impersonator": null
                            },
                            "lastModified": {
                                "time": 1581407189000,
                                "actor": "urn:li:corpuser:jdoe",
                                "impersonator": null
                            },
                            "deleted": null,
                            "editableSchemaFieldInfo": [
                                {
                                    "fieldPath": "field_foo",
                                    "globalTags": { "tags": [{ "tag": "urn:li:tag:Legacy" }] }
                                }
                            ]
                        }
                    },
                    {
                        "com.linkedin.pegasus2avro.schema.SchemaMetadata": {
                            "schemaName": "SampleKafkaSchema",
                            "platform": "urn:li:dataPlatform:kafka",
                            "version": 0,
                            "created": {
                                "time": 1581407189000,
                                "actor": "urn:li:corpuser:jdoe",
                                "impersonator": null
                            },
                            "lastModified": {
                                "time": 1581407189000,
                                "actor": "urn:li:corpuser:jdoe",
                                "impersonator": null
                            },
                            "deleted": null,
                            "dataset": null,
                            "cluster": null,
                            "hash": "",
                            "platformSchema": {
                                "com.linkedin.pegasus2avro.schema.KafkaSchema": {
                                    "documentSchema": "{\"type\":\"record\",\"name\":\"SampleKafkaSchema\",\"namespace\":\"com.linkedin.dataset\",\"doc\":\"Sample Kafka dataset\",\"fields\":[{\"name\":\"field_foo\",\"type\":[\"string\"]},{\"name\":\"field_bar\",\"type\":[\"boolean\"]}]}"
                                }
                            },
                            "fields": [
                                {
                                    "fieldPath": "field_foo",
                                    "jsonPath": null,
                                    "nullable": false,
                                    "description": {
                                        "string": "Foo field description"
                                    },
                                    "type": {
                                        "type": {
                                            "com.linkedin.pegasus2avro.schema.BooleanType": {}
                                        }
                                    },
                                    "nativeDataType": "string",
                                    "globalTags": { "tags": [{ "tag": "urn:li:tag:NeedsDocumentation" }] },
                                    "recursive": false
                                },
                                {
                                    "fieldPath": "field_bar",
                                    "jsonPath": null,
                                    "nullable": false,
                                    "description": {
                                        "string": "Bar field description"
                                    },
                                    "type": {
                                        "type": {
                                            "com.linkedin.pegasus2avro.schema.BooleanType": {}
                                        }
                                    },
                                    "nativeDataType": "boolean",
                                    "recursive": false
                                }
                            ],
                            "primaryKeys": null,
                            "foreignKeysSpecs": null
                        }
                    }
                ]
            }
        },
        "proposedDelta": null
    },
    {
        "auditHeader": null,
        "proposedSnapshot": {
            "com.linkedin.pegasus2avro.metadata.snapshot.DatasetSnapshot": {
                "urn": "urn:li:dataset:(urn:li:dataPlatform:hdfs,SampleHdfsDataset,PROD)",
                "aspects": [
                    {
                        "com.linkedin.pegasus2avro.common.Ownership": {
                            "owners": [
                                {
                                    "owner": "urn:li:corpuser:jdoe",
                                    "type": "DATAOWNER",
                                    "source": null
                                },
                                {
                                    "owner": "urn:li:corpuser:datahub",
                                    "type": "DATAOWNER",
                                    "source": null
                                }
                            ],
                            "lastModified": {
                                "time": 1581407189000,
                                "actor": "urn:li:corpuser:jdoe",
                                "impersonator": null
                            }
                        }
                    },
                    {
                        "com.linkedin.pegasus2avro.dataset.UpstreamLineage": {
                            "upstreams": [
                                {
                                    "auditStamp": {
                                        "time": 1581407189000,
                                        "actor": "urn:li:corpuser:jdoe",
                                        "impersonator": null
                                    },
                                    "dataset": "urn:li:dataset:(urn:li:dataPlatform:kafka,SampleKafkaDataset,PROD)",
                                    "type": "TRANSFORMED"
                                }
                            ]
                        }
                    },
                    {
                        "com.linkedin.pegasus2avro.common.InstitutionalMemory": {
                            "elements": [
                                {
                                    "url": "https://www.linkedin.com",
                                    "description": "Sample doc",
                                    "createStamp": {
                                        "time": 1581407189000,
                                        "actor": "urn:li:corpuser:jdoe",
                                        "impersonator": null
                                    }
                                }
                            ]
                        }
                    },
                    {
                        "com.linkedin.pegasus2avro.schema.SchemaMetadata": {
                            "schemaName": "SampleHdfsSchema",
                            "platform": "urn:li:dataPlatform:hdfs",
                            "version": 0,
                            "created": {
                                "time": 1581407189000,
                                "actor": "urn:li:corpuser:jdoe",
                                "impersonator": null
                            },
                            "lastModified": {
                                "time": 1581407189000,
                                "actor": "urn:li:corpuser:jdoe",
                                "impersonator": null
                            },
                            "deleted": null,
                            "dataset": null,
                            "cluster": null,
                            "hash": "",
                            "platformSchema": {
                                "com.linkedin.pegasus2avro.schema.KafkaSchema": {
                                    "documentSchema": "{\"type\":\"record\",\"name\":\"SampleHdfsSchema\",\"namespace\":\"com.linkedin.dataset\",\"doc\":\"Sample HDFS dataset\",\"fields\":[{\"name\":\"field_foo\",\"type\":[\"string\"]},{\"name\":\"field_bar\",\"type\":[\"boolean\"]}]}"
                                }
                            },
                            "fields": [
                                {
                                    "fieldPath": "field_foo",
                                    "jsonPath": null,
                                    "nullable": false,
                                    "description": {
                                        "string": "Foo field description"
                                    },
                                    "type": {
                                        "type": {
                                            "com.linkedin.pegasus2avro.schema.BooleanType": {}
                                        }
                                    },
                                    "nativeDataType": "string",
                                    "recursive": false
                                },
                                {
                                    "fieldPath": "field_bar",
                                    "jsonPath": null,
                                    "nullable": false,
                                    "description": {
                                        "string": "Bar field description"
                                    },
                                    "type": {
                                        "type": {
                                            "com.linkedin.pegasus2avro.schema.BooleanType": {}
                                        }
                                    },
                                    "nativeDataType": "boolean",
                                    "recursive": false
                                }
                            ],
                            "primaryKeys": null,
                            "foreignKeysSpecs": null
                        }
                    }
                ]
            }
        },
        "proposedDelta": null
    },
    {
        "auditHeader": null,
        "proposedSnapshot": {
            "com.linkedin.pegasus2avro.metadata.snapshot.DatasetSnapshot": {
                "urn": "urn:li:dataset:(urn:li:dataPlatform:hive,SampleHiveDataset,PROD)",
                "aspects": [
                    {
                        "com.linkedin.pegasus2avro.common.Ownership": {
                            "owners": [
                                {
                                    "owner": "urn:li:corpuser:jdoe",
                                    "type": "DATAOWNER",
                                    "source": null
                                },
                                {
                                    "owner": "urn:li:corpuser:datahub",
                                    "type": "DATAOWNER",
                                    "source": null
                                }
                            ],
                            "lastModified": {
                                "time": 1581407189000,
                                "actor": "urn:li:corpuser:jdoe",
                                "impersonator": null
                            }
                        }
                    },
                    {
                        "com.linkedin.pegasus2avro.dataset.UpstreamLineage": {
                            "upstreams": [
                                {
                                    "auditStamp": {
                                        "time": 1581407189000,
                                        "actor": "urn:li:corpuser:jdoe",
                                        "impersonator": null
                                    },
                                    "dataset": "urn:li:dataset:(urn:li:dataPlatform:hdfs,SampleHdfsDataset,PROD)",
                                    "type": "TRANSFORMED"
                                }
                            ]
                        }
                    },
                    {
                        "com.linkedin.pegasus2avro.common.InstitutionalMemory": {
                            "elements": [
                                {
                                    "url": "https://www.linkedin.com",
                                    "description": "Sample doc",
                                    "createStamp": {
                                        "time": 1581407189000,
                                        "actor": "urn:li:corpuser:jdoe",
                                        "impersonator": null
                                    }
                                }
                            ]
                        }
                    },
                    {
                        "com.linkedin.pegasus2avro.schema.SchemaMetadata": {
                            "schemaName": "SampleHiveSchema",
                            "platform": "urn:li:dataPlatform:hive",
                            "version": 0,
                            "created": {
                                "time": 1581407189000,
                                "actor": "urn:li:corpuser:jdoe",
                                "impersonator": null
                            },
                            "lastModified": {
                                "time": 1581407189000,
                                "actor": "urn:li:corpuser:jdoe",
                                "impersonator": null
                            },
                            "deleted": null,
                            "dataset": null,
                            "cluster": null,
                            "hash": "",
                            "platformSchema": {
                                "com.linkedin.pegasus2avro.schema.KafkaSchema": {
                                    "documentSchema": "{\"type\":\"record\",\"name\":\"SampleHiveSchema\",\"namespace\":\"com.linkedin.dataset\",\"doc\":\"Sample Hive dataset\",\"fields\":[{\"name\":\"field_foo\",\"type\":[\"string\"]},{\"name\":\"field_bar\",\"type\":[\"boolean\"]}]}"
                                }
                            },
                            "fields": [
                                {
                                    "fieldPath": "field_foo",
                                    "jsonPath": null,
                                    "nullable": false,
                                    "description": {
                                        "string": "Foo field description"
                                    },
                                    "type": {
                                        "type": {
                                            "com.linkedin.pegasus2avro.schema.BooleanType": {}
                                        }
                                    },
                                    "nativeDataType": "string",
                                    "recursive": false
                                },
                                {
                                    "fieldPath": "field_bar",
                                    "jsonPath": null,
                                    "nullable": false,
                                    "description": {
                                        "string": "Bar field description"
                                    },
                                    "type": {
                                        "type": {
                                            "com.linkedin.pegasus2avro.schema.BooleanType": {}
                                        }
                                    },
                                    "nativeDataType": "boolean",
                                    "recursive": false
                                }
                            ],
                            "primaryKeys": null,
                            "foreignKeysSpecs": null
                        }
                    },
                    {
                        "com.linkedin.pegasus2avro.common.GlobalTags": {
                            "tags": [{ "tag": "urn:li:tag:Legacy" }]
                        }
                    }
                ]
            }
        },
        "proposedDelta": null
    },
    {
        "auditHeader": null,
        "proposedSnapshot": {
            "com.linkedin.pegasus2avro.metadata.snapshot.DataProcessSnapshot": {
                "urn": "urn:li:dataProcess:(sqoop,DEMO,PROD)",
                "aspects": [
                    {
                        "com.linkedin.pegasus2avro.common.Ownership": {
                            "owners": [
                                {
                                    "owner": "urn:li:corpuser:datahub",
                                    "type": "DATAOWNER",
                                    "source": null
                                }
                            ],
                            "lastModified": {
                                "time": 1581407189000,
                                "actor": "urn:li:corpuser:datahub",
                                "impersonator": null
                            }
                        }
                    },
                    {
                        "com.linkedin.pegasus2avro.dataprocess.DataProcessInfo": {
                            "inputs": {
                                "array": [
                                    "urn:li:dataset:(urn:li:dataPlatform:cassandra,barEarth,DEV)",
                                    "urn:li:dataset:(urn:li:dataPlatform:cassandra,barMars,DEV)"
                                ]
                            },
                            "outputs": {
                                "array": [
                                    "urn:li:dataset:(urn:li:dataPlatform:hbase,barSky,PROD)",
                                    "urn:li:dataset:(urn:li:dataPlatform:hbase,barOcean,PROD)"
                                ]
                            }
                        }
                    }
                ]
            }
        },
        "proposedDelta": null
    },
		 {
        "auditHeader": null,
        "proposedSnapshot": {
            "com.linkedin.pegasus2avro.metadata.snapshot.ChartSnapshot": {
                "urn": "urn:li:chart:(looker,baz1)",
                "aspects": [
                    {
                        "com.linkedin.pegasus2avro.chart.ChartInfo": {
                            "title": "Baz Chart 1",
                            "description": "Baz Chart 1",
                            "lastModified": {
                                "created": {
                                    "time": 0,
                                    "actor": "urn:li:corpuser:jdoe",
                                    "impersonator": null
                                },
                                "lastModified": {
                                    "time": 0,
                                    "actor": "urn:li:corpuser:datahub",
                                    "impersonator": null
                                },
                                "deleted": null
                            },
                            "chartUrl": null,
                            "inputs": {
                                "array": [
                                    {
                                        "string": "urn:li:dataset:(urn:li:dataPlatform:hdfs,SampleHdfsDataset,PROD)"
                                    }
                                ]
                            },
                            "type": null,
                            "access": null,
                            "lastRefreshed": null
                        }
                    },
                    {
                        "com.linkedin.pegasus2avro.common.GlobalTags": {
                            "tags": [{ "tag": "urn:li:tag:Legacy" }]
                        }
                    }
                ]
            }
        },
        "proposedDelta": null
    },
    {
        "auditHeader": null,
        "proposedSnapshot": {
            "com.linkedin.pegasus2avro.metadata.snapshot.ChartSnapshot": {
                "urn": "urn:li:chart:(looker,baz2)",
                "aspects": [
                    {
                        "com.linkedin.pegasus2avro.chart.ChartInfo": {
                            "title": "Baz Chart 2",
                            "description": "Baz Chart 2",
                            "lastModified": {
                                "created": {
                                    "time": 0,
                                    "actor": "urn:li:corpuser:jdoe",
                                    "impersonator": null
                                },
                                "lastModified": {
                                    "time": 0,
                                    "actor": "urn:li:corpuser:datahub",
                                    "impersonator": null
                                },
                                "deleted": null
                            },
                            "chartUrl": null,
                            "inputs": {
                                "array": [
                                    {
                                        "string": "urn:li:dataset:(urn:li:dataPlatform:hdfs,SampleHdfsDataset,PROD)"
                                    }
                                ]
                            },
                            "type": null,
                            "access": null,
                            "lastRefreshed": null
                        }
                    }
                ]
            }
        },
        "proposedDelta": null
    },
    {
        "auditHeader": null,
        "proposedSnapshot": {
            "com.linkedin.pegasus2avro.metadata.snapshot.DashboardSnapshot": {
                "urn": "urn:li:dashboard:(looker,baz)",
                "aspects": [
                    {
                        "com.linkedin.pegasus2avro.dashboard.DashboardInfo": {
                            "title": "Baz Dashboard",
                            "description": "Baz Dashboard",
                            "charts": [
                                "urn:li:chart:(looker,baz1)",
                                "urn:li:chart:(looker,baz2)"
                            ],
                            "lastModified": {
                                "created": {
                                    "time": 0,
                                    "actor": "urn:li:corpuser:jdoe",
                                    "impersonator": null
                                },
                                "lastModified": {
                                    "time": 0,
                                    "actor": "urn:li:corpuser:datahub",
                                    "impersonator": null
                                },
                                "deleted": null
                            },
                            "dashboardUrl": null,
                            "access": null,
                            "lastRefreshed": null
                        }
                    }
                ]
            }
        },
        "proposedDelta": null
    },
    {
        "auditHeader": null,
        "proposedSnapshot": {
            "com.linkedin.pegasus2avro.metadata.snapshot.MLModelSnapshot": {
                "urn": "urn:li:mlModel:(urn:li:dataPlatform:science,scienceModel,PROD)",
                "aspects": [
                    {
                        "com.linkedin.pegasus2avro.common.Ownership": {
                            "owners": [
                                {
                                    "owner": "urn:li:corpuser:jdoe",
                                    "type": "DATAOWNER"
                                },
                                {
                                    "owner": "urn:li:corpuser:datahub",
                                    "type": "DATAOWNER"
                                }
                            ],
                            "lastModified": {
                                "time": 0,
                                "actor": "urn:li:corpuser:jdoe"
                            }
                        }
                    },
                    {
                        "com.linkedin.pegasus2avro.ml.metadata.MLModelProperties": {
                            "description": "A sample model for predicting some outcome.",
                            "date": null,
                            "tags": ["Sample"],
                            "version": null,
                            "type": "Naive Bayes classifier"
                        }
                    },
                    {
                        "com.linkedin.pegasus2avro.ml.metadata.TrainingData": {
                            "trainingData": [
                                {
                                    "dataset": "urn:li:dataset:(urn:li:dataPlatform:hive,pageViewsHive,PROD)",
                                    "motivation": "For science!",
                                    "preProcessing": [
                                        "Aggregation"
                                    ]
                                }
                            ]
                        }
                    },
                    {
                        "com.linkedin.pegasus2avro.ml.metadata.EvaluationData": {
                            "evaluationData": [
                                {
                                    "dataset": "urn:li:dataset:(urn:li:dataPlatform:hive,pageViewsHive,PROD)"
                                }
                            ]
                        }
                    },
                    {
                        "com.linkedin.pegasus2avro.common.InstitutionalMemory": {
                            "elements": [
                                {
                                    "url": "https://www.linkedin.com",
                                    "description": "Sample doc",
                                    "createStamp": {
                                        "time": 1581407189000,
                                        "actor": "urn:li:corpuser:jdoe",
                                        "impersonator": null
                                    }
                                }
                            ]
                        }
                    },
                    {
                        "com.linkedin.pegasus2avro.ml.metadata.IntendedUse": {
                            "primaryUses" : [
                                "Sample Model",
                                "Primary Use"
                            ],
                            "primaryUsers": [
                               "ENTERPRISE"
                            ],
                            "outOfScopeUses": [
                                "Production Deployment"
                            ]
                        }
                    },
                    {
                        "com.linkedin.pegasus2avro.ml.metadata.Metrics": {
                            "performanceMeasures": ["performanceMeasures"],
                            "decisionThreshold": ["decisionThreshold"]
                        }
                    },
                    {
                        "com.linkedin.pegasus2avro.ml.metadata.EthicalConsiderations": {
                            "data": ["data"],
                            "humanLife": ["humanLife"],
                            "mitigations": ["mitigations"],
                            "risksAndHarms": ["risksAndHarms"],
                            "useCases": ["useCases"]
                        }
                    },
                    {
                        "com.linkedin.pegasus2avro.ml.metadata.CaveatsAndRecommendations": {
                            "recommendations": "recommendations",
                            "idealDatasetCharacteristics": [
                                "idealDatasetCharacteristics"
                            ]
                        }
                    },
                    {
                        "com.linkedin.pegasus2avro.common.Status": {
                            "boolean" : false
                        }
                    },
                    {
                        "com.linkedin.pegasus2avro.common.Cost": {
                            "costType": "ORG_COST_TYPE",
                            "cost": {
                                "costCode": "costCode"
                            }
                        }
                    }
                ]
            }
        },
        "proposedDelta": null
    },
    {
        "auditHeader": null,
        "proposedSnapshot": {
            "com.linkedin.pegasus2avro.metadata.snapshot.TagSnapshot": {
                "urn": "urn:li:tag:Legacy",
                "aspects": [
                    {
                        "com.linkedin.pegasus2avro.tag.TagProperties": {
                            "name": "Legacy",
                            "description": "Indicates the dataset is no longer supported"
                        }
                    },
                    {
                        "com.linkedin.pegasus2avro.common.Ownership": {
                            "owners": [
                                {
                                    "owner": "urn:li:corpuser:jdoe",
                                    "type": "DATAOWNER",
                                    "source": null
                                }
                            ],
                            "lastModified": {
                                "time": 1581407189000,
                                "actor": "urn:li:corpuser:jdoe",
                                "impersonator": null
                            }
                        }
                    }
                ]
            }
        },
        "proposedDelta": null
    },
    {
        "auditHeader": null,
        "proposedSnapshot": {
            "com.linkedin.pegasus2avro.metadata.snapshot.TagSnapshot": {
                "urn": "urn:li:tag:NeedsDocumentation",
                "aspects": [
                    {
                        "com.linkedin.pegasus2avro.tag.TagProperties": {
                            "name": "NeedsDocumentation",
                            "description": "Indicates the data element needs documentation"
                        }
                    },
                    {
                        "com.linkedin.pegasus2avro.common.Ownership": {
                            "owners": [
                                {
                                    "owner": "urn:li:corpuser:jdoe",
                                    "type": "DATAOWNER",
                                    "source": null
                                }
                            ],
                            "lastModified": {
                                "time": 1581407189000,
                                "actor": "urn:li:corpuser:jdoe",
                                "impersonator": null
                            }
                        }
                    }
                ]
            }
        },
        "proposedDelta": null
    }
]
